<?xml version="1.0" encoding="UTF-8"?><pages><page><link>index.html</link><content> HOME RESIDENTIAL COMMERCIAL ENERGY REMODELING PROPERTY MANAGEMENT   Residential Special Air conditioning starting at 2121 60 installed   Commercial Special Free diagnostic service call First time customers one call per customer   Remodeling Special Kitchen remodels starting at 5999 Bath remodels from 1999   Copyright 2010 Value Services Inc   Web Design by HIT All rights reserved Login   Contact Us   720 340 BEST   Call Today  </content></page><page><link>residential.html</link><content> HOME RESIDENTIAL COMMERCIAL ENERGY REMODELING PROPERTY MANAGEMENT   49 99 Diagnostic Service call Click Here Special offer 1st time customer one per customer   Copyright 2010 Value Services Inc   Web Design by HIT All rights reserved Login   Request a Quote   Air Conditioning with Installation beginning at a 2 Ton 2122 b 3 Ton 2336 c 4 Ton 2643 d 5 Ton 2834 Furnace with Installation beginning at a 70K BTU 80 1459 b 70K BTU 95 1300 after rebates   720 340 BEST   Call Today  </content></page><page><link>commercial.html</link><content> HOME RESIDENTIAL COMMERCIAL ENERGY REMODELING PROPERTY MANAGEMENT   FREE Diagnostic Service call Click Here Special offer 1st time customer one per customer   Copyright 2010 Value Services Inc   Web Design by HIT All rights reserved Login   Request Service   Licensed and certified to work on Restaurant Equipment Commercial Refrigeration Water Heaters Heating and Air Conditioning Plumbing Electrical Maintenance   720 340 BEST   Call Today  </content></page><page><link>energy.html</link><content> HOME RESIDENTIAL COMMERCIAL ENERGY REMODELING PROPERTY MANAGEMENT   GO GREEN   Copyright 2010 Value Services Inc   Web Design by HIT All rights reserved Login   Request a Quote   Get up to 1500 back on energy efficient products for your home Ask us how   Go Tankless starting at 1999 Insulate your attic starting at 499 Energy star windows starting at 399 each   720 340 BEST   Call Today  </content></page><page><link>remodeling.html</link><content> HOME RESIDENTIAL COMMERCIAL ENERGY REMODELING PROPERTY MANAGEMENT   Kitchen Remodels starting at 2999 Including hardwood cabinets wood floors and Granite countertops   Copyright 2010 Value Services Inc   Web Design by HIT All rights reserved Login   Request a Quote   Licensed and certified to work on Kitchen Bathroom Basement Fences Decks Living Rooms Tenant Finish   Bathroom Remodels starting at 1999 Including jetted tub new tile new vanity and new toilet   720 340 BEST   Call Today  </content></page><page><link>property_management.html</link><content> HOME RESIDENTIAL COMMERCIAL ENERGY REMODELING PROPERTY MANAGEMENT   Copyright 2010 Value Services Inc   Web Design by HIT All rights reserved Login   Request Information   Have your own in house maintenance department We handle taking maintenance calls from tenants and contacting owners for you We save you the headaches and hassles of dealing with several different companies Or the expense and liability of having your own handyman Our licensed and certified technicians can handle anything from handyman issues to remodels plumbing to HVAC Make money on our low cost rates We handle all warranty issues   720 340 BEST   Call Today  </content></page></pages>